Aal;Aal;10000;26300;1400;2300;0;0;0;0
Absinth (45% Vol.);Absinth (45% Vol.);10000;25600;0;0;0;0;0;3600
Acai;Acai;10000;20700;500;1900;400;200;0;0
Acerola;Acerola;10000;1800;0;0;350;350;200;0
Ackerbohnen;Ackerbohne;10000;12700;800;60;1800;900;900;0
Afa Alge frisch;Afa Alge frisch;10000;4400;600;40;200;0;400;0
Agavendicksaft;Agavendicksaft;10000;31200;10;40;7700;7500;0;0
Ahornsirup;Ahornsirup;10000;26000;0;0;6500;6500;0;0
Ajvar;Ajvar;10000;9700;150;500;1060;700;200;0
Aloe Vera Saft;Aloe Vera Saft;10000;200;10;0;40;0;20;0
Altbier;Altbier;10000;5100;50;0;540;200;0;390
Amaranth;Amaranth;10000;37600;1430;900;5500;200;870;0
Ananas;Ananas;10000;5100;40;20;1150;1130;100;0
Ananassaft;Ananassaft;10000;5100;40;10;1200;1200;20;0
Anis;Anis;10000;30300;630;200;6500;0;0;0
Aperol Likör;Aperol Likör;10000;20600;0;0;2500;2500;0;1500
Apfel;Apfel;10000;5200;40;20;1100;1040;240;0
Apfeldicksaft;Apfeldicksaft;10000;27900;0;0;6900;6800;140;0
Apfelessig;Apfelessig;10000;400;0;0;100;50;0;0
Apfelkuchen;Apfelkuchen;10000;24500;200;980;3600;1400;240;0
Apfelmus;Apfelmus;10000;7300;20;20;1700;1500;100;0
Apfelringe getrocknet;Apfelringe getrocknet;10000;28000;150;140;6000;5400;1090;0
Apfelsaft;Apfelsaft;10000;4400;0;0;1100;1100;0;0
Apfelschorle;Apfelschorle;10000;2800;0;0;700;700;0;0
Apfelwein;Apfelwein;10000;5700;0;0;400;400;0;580
Appenzeller;Appenzeller;10000;37500;2400;3100;0;0;0;0
Aprikose;Aprikose;10000;4200;100;0;900;900;100;0
Aronia Beeren;Aronia Beeren;10000;11400;250;200;2000;1800;300;0
Artischocke;Artischocke;10000;4100;200;0;290;290;1090;0
Aubergine;Aubergine;10000;3000;100;90;300;210;290;0
Auster;Auster;10000;4400;1000;50;0;0;0;0
Austernpilze;Austernpilz;10000;2000;200;0;0;0;600;0
Avocado;Avocado;10000;22800;200;2200;200;100;700;0
Ayran;Ayran;10000;3800;180;250;200;200;0;0
Backfisch;Backfisch;10000;20600;870;900;2240;50;40;0
Backpulver;Backpulver;10000;10800;0;0;2700;0;0;0
Bacon;Bacon;10000;47000;3500;3600;150;0;0;0
Baguette;Baguette;10000;29700;700;300;5840;400;400;0
Baiser;Baiser;10000;40000;400;0;9600;9600;0;0
Balsamico Creme;Balsamico Creme;10000;22000;170;90;5120;4800;0;0
Balsamico Essig;Balsamico Essig;10000;6500;20;0;1600;1470;0;0
Bambussprossen;Bambussprossen;10000;1400;170;0;100;100;150;0
Banane;Banane;10000;9000;120;20;2000;1700;180;0
Bärlauch;Bärlauch;10000;1500;100;20;240;240;0;0
Barsch;Barsch;10000;9400;2000;150;0;0;0;0
Basilikum;Basilikum;10000;3200;320;60;270;30;160;0
Basilikum Pesto;Basilikum Pesto;10000;35500;540;3500;450;160;30;0
Basmati Reis roh;Basmati Reis roh;10000;36000;870;80;7820;0;240;0
Bauchspeck;Bauchspeck;10000;33000;1400;3000;100;0;0;0
Beifuß getrocknet;Beifuß getrocknet;10000;4300;310;70;500;40;200;0
Berberitzen, getrocknet;Berberitze, getrocknet;10000;31300;340;280;6520;6480;680;0
Bergkäse 50% i.Tr.;Bergkäse 50% i.Tr.;10000;41300;2900;3300;0;0;0;0
Berliner;Berliner;10000;33400;600;1570;4200;1200;40;0
Bier;Bier;10000;4000;0;0;300;300;0;400
Bier, alkoholfrei;Bier, alkoholfrei;10000;2200;0;0;500;20;0;30
Bierschinken;Bierschinken;10000;15000;1500;1000;0;0;0;0
Birne;Birne;10000;5400;100;0;1100;1000;300;0
Bismarckhering;Bismarckhering;10000;17200;1300;1200;300;180;0;0
Blätterteig;Blätterteig;10000;55000;680;3600;4900;80;160;0
Blattsalat;Blattsalat;10000;1600;110;0;200;0;160;0
Blauschimmelkäse;Blauschimmelkäse;10000;35600;1700;3200;0;0;0;0
Blumenkohl;Blumenkohl;10000;2500;300;0;200;200;270;0
Blutwurst;Blutwurst;10000;31200;1500;2800;0;0;0;0
Bockshornklee;Bockshornklee;10000;42800;2300;600;5800;0;2500;0
Bockwurst;Bockwurst;10000;28200;1200;2600;0;0;0;0
Bohnenkraut getrocknet;Bohnenkraut getrocknet;10000;32400;600;600;5400;0;1500;0
Bonbons;Bonbons;10000;38800;0;0;9700;9700;0;0
Borretsch;Borretsch;10000;2600;180;70;310;0;0;0
Brandteig;Brandteig;10000;30200;1000;1800;2500;180;0;0
Bratensauce;Bratensauce;10000;4200;100;160;600;110;0;0
Brathering;Brathering;10000;17400;1400;880;950;300;50;0
Bratkartoffeln;Bratkartoffel;10000;12400;180;450;1800;300;200;0
Bratwurst;Bratwurst;10000;32000;1700;2800;0;0;0;0
Brennnessel;Brennnessel;10000;5800;600;50;500;0;500;0
Brezel;Brezel;10000;31600;810;500;5800;200;310;0
Brie;Brie;10000;32200;2200;2600;0;0;0;0
Brokkoli;Brokkoli;10000;3400;400;20;290;190;250;0
Brombeeren;Brombeere;10000;3800;80;80;500;500;400;0
Brötchen Weizen;Brötchen Weizen;10000;29700;870;300;5700;400;360;0
Buchweizen;Buchweizen;10000;34300;900;180;7090;200;350;0
Buchweizenmehl;Buchweizenmehl;10000;35400;1000;200;7100;0;620;0
Büffelmozzarella;Büffelmozzarella;10000;27600;1400;2400;100;0;0;0
Bulgur;Bulgur;10000;33900;840;100;6940;180;940;0
Bündnerfleisch;Bündnerfleisch;10000;18300;3800;340;0;0;0;0
Butter;Butter;10000;74200;100;8200;0;0;0;0
Butterbrezel;Butterbrezel;10000;35000;600;1800;4100;140;0;0
Butterkäse;Butterkäse;10000;38500;2200;3300;0;0;0;0
Butterkekse;Butterkeks;10000;43000;840;1200;7200;2100;0;0
Buttermilch;Buttermilch;10000;4400;380;130;420;420;0;0
Butterpilze;Butterpilz;10000;1600;200;0;0;0;420;0
Gheebutter;Butterschmalz;10000;89100;0;9900;0;0;0;0
Cabanossi;Cabanossi;10000;32600;1400;3000;0;0;0;0
Camembert;Camembert;10000;39100;1900;3500;0;0;0;0
Camu-Camu Pulver;Camu-Camu Pulver;10000;37300;400;0;8900;7000;70;0
Cappuccino;Cappuccino;10000;3300;150;170;300;300;0;0
Cashewmus;Cashewmus;10000;57200;2000;4000;3100;1400;400;0
Cashewnüsse;Cashewnuss;10000;57500;2100;4040;3070;600;240;0
Cervelatwurst;Cervelatwurst;10000;35100;1700;3100;100;100;0;0
Cevapcici;Cevapcici;10000;24400;1700;1900;100;0;40;0
Champagner;Champagner;10000;9100;0;0;500;500;0;1000
Champignons;Champignon;10000;1900;300;0;80;80;200;0
Cheddar Käse;Cheddar Käse;10000;38500;2200;3300;0;0;0;0
Cheeseburger;Cheeseburger;10000;30800;1500;1400;3000;500;100;0
Cherrytomaten;Cherrytomaten;10000;2000;70;10;350;320;100;0
Chia;Chia;10000;45100;2100;3100;500;0;3400;0
Chia Brot;Chia Brot;10000;32300;1240;2310;1200;110;890;0
Chia Brötchen;Chia Brötchen;10000;27800;1000;300;5100;300;340;0
Chicken Nuggets;Chicken Nuggets;10000;30000;1500;2000;1400;0;210;0
Chicken Wings;Chicken Wings;10000;18600;1500;1400;0;0;0;0
Chicorée;Chicorée;10000;1400;100;0;200;200;110;0
Chili con carne;Chili con carne;10000;11400;1000;350;1000;200;140;0
Chilischote;Chilischote;10000;5000;180;40;900;600;170;0
Chinakohl;Chinakohl;10000;1300;70;30;80;70;200;0
Chlorella;Chlorella;10000;40400;5500;1000;2300;0;100;0
Ciabatta Brot;Ciabatta Brot;10000;34200;800;350;6830;80;270;0
Cidre;Cidre;10000;5200;0;0;600;600;0;400
Clementine;Clementine;10000;4500;100;0;950;950;170;0
Cola;Cola;10000;4800;0;0;1200;1200;0;0
Cola light;Cola light;10000;300;0;0;70;0;0;0
Cola Zero;Cola Zero;10000;0;0;0;0;0;0;0
Cordon bleu v. Schwein;Cordon bleu v. Schwein;10000;20400;1500;1080;1180;300;0;0
Corned Beef;Corned Beef;10000;14300;2000;700;0;0;0;0
Cornflakes, natur;Cornflakes, natur;10000;35100;650;80;7800;400;300;0
Couscous gekocht;Couscous gekocht;10000;11900;400;0;2500;0;130;0
Couscous roh;Couscous roh;10000;33000;1200;200;6600;170;0;0
Cranberries getrocknet;Cranberries getrocknet;10000;34100;50;50;8100;7000;510;0
Cranberry;Cranberry;10000;3900;100;100;500;500;300;0
Creme fraiche 15%;Creme fraiche 15%;10000;15900;200;1500;400;300;0;0
Creme fraiche 30%;Creme fraiche 30%;10000;29800;200;3000;500;500;0;0
Crevetten;Crevette;10000;8500;1900;100;0;0;0;0
Croissant;Croissant;10000;43500;610;2700;4100;680;170;0
Curry;Curry;10000;34400;1300;1400;2500;300;3300;0
Currywurst mit Sauce;Currywurst mit Sauce;10000;32900;1100;2500;1500;1500;0;0
Datteln;Dattel;10000;26600;200;0;6000;6000;900;0
Diätbier;Diätbier;10000;3100;0;0;200;0;0;330
Dicke Bohnen;Dicke Bohne;10000;9200;680;120;1190;510;300;0
Diesel;Diesel;10000;3800;0;0;600;500;0;200
Dill;Dill;10000;37700;1600;1500;3400;300;2100;0
Dinkelbrot;Dinkelbrot;10000;20200;600;100;4000;240;440;0
Dinkelbrötchen;Dinkelbrötchen;10000;21500;980;340;3400;290;440;0
Dinkelflocken;Dinkelflocke;10000;35300;1420;260;6400;160;860;0
Dinkelkleie;Dinkelkleie;10000;26600;1550;490;1770;20;4430;0
Dinkelmehl, Vollkorn;Dinkelmehl, Vollkorn;10000;35700;1240;300;6600;70;800;0
Dinkelnudeln roh;Dinkelnudel roh;10000;32200;1400;200;6200;0;0;0
Dinkelvollkornbrot;Dinkelvollkornbrot;10000;22200;680;190;4150;110;590;0
Dominosteine;Dominosteine;10000;38700;350;800;7500;6000;40;0
Döner;Döner;10000;18500;1200;600;1980;400;190;0
Dönerfleisch;Dönerfleisch;10000;23700;2500;1400;280;0;0;0
Donut;Donut;10000;44500;500;2500;4910;2700;190;0
Dorade;Dorade;10000;13300;2200;500;0;0;0;0
Drachenfrucht;Drachenfrucht;10000;3700;90;40;710;690;70;0
Edamer Käse;Edamer Käse;10000;35800;2200;3000;0;0;0;0
Ei - Vollei;Ei - Vollei;10000;15100;1200;1100;100;100;0;0
Eierkuchen;Eierkuchen;10000;21700;550;700;3200;420;210;0
Eierlikör (20% Vol.);Eierlikör (20% Vol.);10000;28800;400;600;2600;2600;0;1600
Eierpfannkuchen;Eierpfannkuchen;10000;19600;600;1100;1800;240;70;0
Eiersalat mit Mayonnaise;Eiersalat mit Mayonnaise;10000;25700;650;2500;140;100;0;0
Eierschecke;Eierschecke;10000;18500;600;670;2500;1300;20;0
Eigelb;Eigelb;10000;35200;1700;3150;0;0;0;0
Eisbein roh;Eisbein roh;10000;19700;2000;1300;0;0;0;0
Eisbergsalat;Eisbergsalat;10000;700;50;0;70;70;100;0
Eiskaffee;Eiskaffee;10000;6900;100;500;500;500;0;0
Eistee;Eistee;10000;4000;0;0;1000;1000;0;0
Eiweißbrot;Eiweißbrot;10000;23900;2000;1060;1350;280;500;0
Eiweißbrötchen;Eiweißbrötchen;10000;28500;2760;1340;540;140;1640;0
Eiweißpulver;Eiweißpulver;10000;35800;8000;200;500;500;0;0
Eiweiss / Eiklar;Eiweiss / Eiklar;10000;4400;1000;0;100;100;0;0
Eiweißshake mit Milch;Eiweißshake mit Milch;10000;20100;3010;500;900;800;0;0
Emmentaler Käse;Emmentaler Käse;10000;37000;2500;3000;0;0;0;0
Endiviensalat;Endiviensalat;10000;2600;120;20;340;20;310;0
Energydrink;Energydrink;10000;5200;0;0;1300;1300;0;0
Ente;Ente;10000;20400;1500;1600;0;0;0;0
Entenbrust;Entenbrust;10000;15400;1600;1000;0;0;0;0
Entenleber;Entenleber;10000;10400;1700;400;0;0;0;0
Erbsensuppe;Erbsensuppe;10000;10000;480;370;1090;40;210;0
Erdbeeren;Erdbeere;10000;4300;100;100;700;700;100;0
Erdbeerjoghurt 1.5%;Erdbeerjoghurt 1.5%;10000;7900;320;150;1310;1310;0;0
Erdbeerkuchen Biskuitteig;Erdbeerkuchen Biskuitteig;10000;18200;70;380;3500;2200;240;0
Erdnüsse;Erdnuss;10000;58100;2200;4900;700;40;1200;0
Erdnussbutter;Erdnussbutter;10000;63900;2100;5500;1200;800;600;0
Erdnussflips;Erdnussflips;10000;44400;1070;2100;5300;300;0;0
Erdnussmus;Erdnussmus;10000;61800;2900;4900;1200;620;650;0
Erdnussöl;Erdnussöl;10000;90000;0;10000;0;0;0;0
Erythrit;Erythrit;10000;2000;0;0;10000;0;0;0
Espresso;Espresso;10000;800;10;20;150;0;0;0
Essig;Essig;10000;0;0;0;0;0;0;0
Essig Öl Dressing;Essig Öl Dressing;10000;36000;0;4000;0;0;0;0
Estragon frisch;Estragon frisch;10000;5300;300;100;600;0;400;0
Estragon getrocknet;Estragon getrocknet;10000;36900;2300;700;5000;0;700;0
Falafel;Falafel;10000;30400;1250;1150;3200;320;1100;0
Fanta Orange;Fanta Orange;10000;12000;10;920;910;10;0;0
Federweißer;Federweißer;10000;6800;0;0;1000;1000;0;400
Feige;Feige;10000;5600;100;0;1200;1100;180;0
Feldsalat;Feldsalat;10000;1400;210;0;80;70;100;0
Fenchel;Fenchel;10000;3300;240;50;280;40;390;0
Feta Käse;Feta Käse;10000;30500;2000;2500;0;0;0;0
Fischstäbchen;Fischstäbchen;10000;25100;1230;1210;2240;220;150;0
Fladenbrot;Fladenbrot;10000;21900;470;80;4500;200;640;0
Flammkuchen;Flammkuchen;10000;24000;700;1000;3000;300;100;0
Fleischbrühe;Fleischbrühe;10000;1500;60;100;100;30;0;0
Fleischkäse;Fleischkäse;10000;20700;1800;1500;0;0;0;0
Fleischsalat;Fleischsalat;10000;27200;470;2640;400;320;0;0
Fleischwurst;Fleischwurst;10000;28500;1500;2500;0;0;0;0
Flohsamenschalen;Flohsamen;10000;18600;160;20;200;0;8500;0
Flusskrebs;Flusskrebs;10000;6400;1500;40;0;0;0;0
Forelle;Forelle;10000;12100;1900;500;0;0;0;0
Forelle geräuchert;Forelle geräuchert;10000;11600;1900;450;0;0;0;0
Franzbrötchen;Franzbrötchen;10000;33900;490;2190;3000;1900;100;0
Frikadelle;Frikadelle;10000;28200;2000;2000;500;100;90;0
Frischkäse fettreduziert;Frischkäse fettreduziert;10000;14500;1070;1000;300;300;0;0
Frischkäse körnig;Frischkäse körnig;10000;9000;1190;420;110;110;0;0
Frischkäse, Doppelrahm;Frischkäse, Doppelrahm;10000;33400;1070;3090;320;320;0;0
Fruchteis / Sorbet;Fruchteis / Sorbet;10000;11300;100;100;2500;2500;0;0
Früchtemüsli;Früchtemüsli;10000;33300;300;500;6600;1400;600;0
Früchtetee;Früchtetee;10000;0;0;0;0;0;0;0
Fruchtjoghurt 1.5%;Fruchtjoghurt 1.5%;10000;7800;300;150;1310;1310;0;0
Fruchtsaft;Fruchtsaft;10000;4000;0;0;1000;1000;0;0
Fruchtzucker;Fruchtzucker;10000;40000;0;0;10000;10000;0;0
Frühlingsrolle;Frühlingsrolle;10000;12900;400;400;1840;120;190;0
Frühlingszwiebeln;Frühlingszwiebel;10000;4400;190;40;700;220;240;0
Galiamelone;Galiamelone;10000;2600;40;10;570;400;40;0
Gambas;Gambas;10000;8500;2000;60;0;0;0;0
Gans;Gans;10000;16600;1900;1000;0;0;0;0
Gänsebrust;Gänsebrust;10000;14100;2100;630;0;0;0;0
Gänsekeule;Gänsekeule;10000;16900;2100;940;0;0;0;0
Gänseleberpastete;Gänseleberpastete;10000;28000;1600;2400;0;0;0;0
Gänseschmalz;Gänseschmalz;10000;90000;0;10000;0;0;0;0
Garnelen;Garnele;10000;10000;2200;90;110;0;0;0
Geflügelwiener;Geflügelwiener;10000;22500;1400;1800;150;0;30;0
Geflügelwurst;Geflügelwurst;10000;23100;1500;1840;120;50;20;0
Gelatine;Gelatine;10000;6100;120;0;1400;1300;0;0
Gemüsebrühe;Gemüsebrühe;10000;400;0;0;100;60;0;0
Gemüsesaft;Gemüsesaft;10000;2800;0;0;700;200;0;0
Germknödel;Germknödel;10000;26200;390;340;5300;700;210;0
Gerstengras Pulver;Gerstengras Pulver;10000;30400;2800;200;2600;500;3500;0
Gerstenmehl, Vollkorn;Gerstenmehl, Vollkorn;10000;33700;840;190;6800;100;700;0
Gewürzgurken;Gewürzgurke;10000;3000;100;0;600;500;100;0
Gin (40% Vol.);Gin (40% Vol.);10000;22700;0;0;0;0;0;3200
Glasnudeln roh;Glasnudeln roh;10000;34700;20;10;8600;0;50;0
Glühwein;Glühwein;10000;10800;0;0;1400;1400;0;730
Gluten, Weizenkleber;Gluten, Weizenkleber;10000;35300;8000;140;510;190;0;0
Gnocchi;Gnocchi;10000;12200;380;80;2500;200;0;0
Goji Beeren getrocknet;Goji Beere getrocknet;10000;34600;1100;470;5400;5140;2170;0
Gorgonzola;Gorgonzola;10000;37700;2000;3300;0;0;0;0
Götterspeise gekocht;Götterspeise gekocht;10000;2400;0;0;600;600;0;0
Gouda Käse;Gouda Käse;10000;37600;2200;3200;0;0;0;0
Granatapfel;Granatapfel;10000;6800;100;0;1500;1400;200;0
Grapefruit;Grapefruit;10000;3100;100;0;600;600;140;0
Grapefruitsaft;Grapefruitsaft;10000;4700;80;10;1000;700;130;0
Grappa (40% Vol.);Grappa (40% Vol.);10000;22700;0;0;0;0;0;3200
Graubrot;Graubrot;10000;24600;800;200;4600;240;580;0
Graupen;Graupen;10000;33500;970;140;7100;0;0;0
griechischer Joghurt 10%;griechischer Joghurt 10%;10000;13300;650;1000;430;410;0;0
Grießbrei;Grießbrei;10000;10500;370;290;1600;400;0;0
Grissinis;Grissini;10000;23800;600;940;3000;200;470;0
Grüne Bohnen;Grüne Bohne;10000;3200;200;0;500;300;200;0
Grüne Erbsen;Grüne Erbse;10000;8400;700;40;1100;100;400;0
Grüner Spargel;Grüner Spargel;10000;2100;190;20;280;20;0;0
Grüner tee;Grüner tee;10000;200;20;10;10;0;10;0
Grünkohl;Grünkohl;10000;4100;380;80;270;200;400;0
Grützwurst;Grützwurst;10000;24300;1120;1740;1040;0;0;0
Guacamole;Guacamole;10000;16000;200;1500;320;170;220;0
Guarkernmehl;Guarkernmehl;10000;2400;500;0;0;0;200;0
Guave;Guave;10000;4700;100;100;600;500;500;0
Gummibärchen;Gummibär;10000;34000;500;0;8000;7800;0;0
Gurke grün;Gurke grün;10000;1200;100;0;200;200;0;0
Gyros;Gyros;10000;14900;1700;900;0;0;0;0
Hackfleisch gemischt;Hackfleisch gemischt;10000;33600;2100;2800;0;0;0;0
Haferflocken;Haferflocken;10000;33900;1030;650;5500;100;980;0
Haferkleie;Haferkleie;10000;35000;1540;780;4520;130;1860;0
Hafermilch;Hafermilch;10000;4200;100;150;600;500;0;0
Hagebutten;Hagebutte;10000;12000;160;20;1600;400;2400;0
Hagebuttentee;Hagebuttentee;10000;0;0;0;0;0;0;0
Hähnchen;Hähnchen;10000;16100;2000;900;0;0;0;0
Hähnchen gebraten;Hähnchen gebraten;10000;17500;2200;970;0;0;0;0
Hähnchenbrust;Hähnchenbrust;10000;11600;2000;400;0;0;0;0
Hähnchenleber;Hähnchenleber;10000;11600;2000;400;0;0;0;0
Hähnchenschenkel;Hähnchenschenkel;10000;16100;2000;900;0;0;0;0
Hähnchenschnitzel paniert gebraten;Hähnchenschnitzel paniert gebraten;10000;19100;1700;700;1500;0;0;0
Halbfettmargarine;Halbfettmargarine;10000;36000;0;4000;0;0;0;0
Halloumi;Halloumi;10000;29300;2200;2180;220;130;0;0
Hamburger;Hamburger;10000;28500;1700;1300;2400;500;200;0
Handkäse;Handkäse;10000;12000;2900;50;0;0;0;0
Hanfmehl;Hanfmehl;10000;28700;3000;800;120;0;4500;0
Hanfsamen;Hanfsamen;10000;58600;3300;4400;1200;100;500;0
Harzer Käse;Harzer Käse;10000;11600;2800;50;0;0;0;0
Hase;Hase;10000;9800;2000;200;0;0;0;0
Haselnüsse;Haselnuss;10000;63500;1200;6100;580;100;740;0
Haselnussmilch;Haselnussmilch;10000;2900;40;160;310;310;30;0
Haselnussmus;Haselnussmus;10000;68800;1500;6400;1100;800;400;0
Hefeflocken;Hefeflocken;10000;28600;4900;600;900;20;0;0
Hefeteig;Hefeteig;10000;20200;600;100;4200;0;30;0
Hefezopf;Hefezopf;10000;28400;840;660;4300;1200;940;0
Heidelbeeren;Heidelbeere;10000;3900;100;0;600;500;540;0
Heilbutt;Heilbutt;10000;10700;2280;180;0;0;0;0
Heiße Schokolade;Heiße Schokolade;10000;7000;300;400;540;450;0;0
Heringsfilet;Heringsfilet;10000;20700;1800;1500;0;0;0;0
Himbeeren;Himbeere;10000;3300;100;0;500;500;460;0
Hirsch;Hirsch;10000;10200;2100;200;0;0;0;0
Hirse;Hirse;10000;34400;1000;300;6730;200;410;0
Hirseflocken;Hirseflocken;10000;36600;1180;280;7330;0;0;0
Holunder;Holunder;10000;4500;60;50;800;800;300;0
Holundersaft;Holunderbeerensaft;10000;4000;200;0;600;500;400;0
Honig;Honig;10000;31200;0;0;7800;7800;0;0
Honigmelone;Honigmelone;10000;4800;100;0;1100;1100;0;0
Hugo Aperitif Cocktail;Hugo Aperitif Cocktail;10000;9400;10;10;1100;1080;0;690
Hühnerfrikassee;Hühnerfrikassee;10000;9600;1250;330;380;90;40;0
Hühnersuppe;Hühnersuppe;10000;3400;240;120;350;160;0;0
Hummer;Hummer;10000;8800;2010;80;0;0;0;0
Hummus;Hummus;10000;19000;800;1000;1400;0;600;0
Hüttenkäse;Hüttenkäse;10000;9300;1080;410;330;210;0;0
Ingwer;Ingwer;10000;7000;160;80;1300;200;200;0
Isomalt;Isomalt;10000;20000;0;0;10000;0;0;0
Jagdwurst;Jagdwurst;10000;21000;1200;1800;0;0;0;0
Jägermeister Kräuterlikör;Jägermeister Kräuterlikör;10000;24700;0;0;1200;1200;0;2800
Jakobsmuschel;Jakobsmuschel;10000;5600;1140;120;0;0;0;0
Jasminreis roh;Jasminreis roh;10000;35600;800;40;8010;0;0;0
Joghurt, 0,1%;Joghurt, 0,1%;10000;4600;550;10;580;580;0;0
Joghurt, 1,5%;Joghurt, 1,5%;10000;4700;340;150;500;500;0;0
Joghurt, 3.5%;Joghurt, 3.5%;10000;6500;340;350;500;500;0;0
Joghurtdressing;Joghurtdressing;10000;14600;150;1200;800;400;0;0
Joghurteis;Joghurteis;10000;9100;200;300;1400;1400;0;0
Johannisbrotkernmehl;Johannisbrotkernmehl;10000;3700;600;100;100;100;0;0
Kabeljau / Dorsch;Kabeljau / Dorsch;10000;7800;1800;70;0;0;0;0
Kaffee komplett;Kaffee komplett;10000;1500;10;10;350;350;0;0
Kaffee mit Milch;Kaffee mit Milch;10000;200;10;10;10;0;0;0
Kaffee schwarz;Kaffee schwarz;10000;0;0;0;0;0;0;0
Kaffeesahne 10%;Kaffeesahne 10%;10000;11800;300;1000;400;400;0;0
Kaffeesahne 4%;Kaffeesahne 4%;10000;6400;300;400;400;400;0;0
Kaffeesahne 7,5%;Kaffeesahne 7,5%;10000;9600;300;750;400;400;0;0
Kaisergemüse;Kaisergemüse;10000;2800;200;20;330;120;270;0
Kaiserschmarrn;Kaiserschmarrn;10000;15400;500;500;2200;900;40;0
Kakao, stark entölt;Kakao, stark entölt;10000;33700;2300;1500;1000;200;3500;0
Kakaobohnen;Kakaobohne;10000;41500;2000;2500;1100;100;3300;0
Kakaobutter;Kakaobutter;10000;90000;0;10000;0;0;0;0
Kakaofasern;Kakaofaser;10000;26300;1730;780;250;50;5700;0
Kakaomilch 1,5%;Kakaomilch 1,5%;10000;11500;300;260;2000;2000;0;0
Kakaomilch 3,5%;Kakaomilch 3,5%;10000;12400;300;360;2000;2000;0;0
Kakaopulver gezuckert;Kakaopulver gezuckert;10000;37700;400;300;8000;7800;700;0
Kaki;Kaki;10000;6800;100;0;1500;1500;200;0
Kalbsbries;Kalbsbries;10000;8300;1400;300;0;0;0;0
Kalbsfilet;Kalbsfilet;10000;10200;2000;240;0;0;0;0
Kalbsfleisch;Kalbsfleisch;10000;11600;2000;400;0;0;0;0
Kalbsleber;Kalbsleber;10000;7000;1300;70;300;0;0;0
Kalbsleberwurst;Kalbsleberwurst;10000;29100;1500;2500;140;0;10;0
Kalbsrücken;Kalbsrücken;10000;10700;2000;300;0;0;0;0
Kalbsschnitzel;Kalbsschnitzel;10000;10900;2100;280;0;0;0;0
Kamut;Kamut;10000;36500;1300;220;6820;800;1010;0
Kandiszucker;Kandiszucker;10000;40000;0;0;10000;10000;0;0
Kaninchen;Kaninchen;10000;14200;2200;600;0;0;0;0
Kapern, Glas;Kapern, Glas;10000;4400;240;80;500;50;340;0
Physalis;Kapstachelbeere;10000;7300;250;100;1300;1240;100;0
Karambole;Karambole;10000;3000;80;100;380;380;140;0
Karamel;Karamel;10000;40000;0;0;10000;10000;0;0
Kardamom gemahlen;Kardamom gemahlen;10000;38900;1060;640;6590;100;1270;0
Karottensaft;Karottensaft;10000;2500;50;20;500;400;50;0
Karpfen;Karpfen;10000;11300;1700;500;0;0;0;0
Kartoffeln gekocht;Kartoffel gekocht;10000;7300;150;0;1600;40;170;0
Kartoffeln roh;Kartoffel roh;10000;7700;170;30;1600;210;180;0
Kartoffelbrot;Kartoffelbrot;10000;25600;1300;310;4100;1300;600;0
Kartoffelchips;Kartoffelchips;10000;55600;600;3500;5200;100;460;0
Kartoffelfasern;Kartoffelfaser;10000;19900;900;10;800;10;6500;0
Kartoffelgratin;Kartoffelgratin;10000;12300;200;500;1700;200;120;0
Kartoffelpuffer;Kartoffelpuffer;10000;26300;600;1500;2500;240;180;0
Kartoffelpüree;Kartoffelpüree;10000;7100;200;140;1200;120;130;0
Kartoffelsalat;Kartoffelsalat;10000;17000;300;1200;1200;400;110;0
Kartoffelspalten;Kartoffelspalten;10000;11000;170;400;1600;210;180;0
Kartoffelstärke;Kartoffelstärke;10000;32100;50;10;7940;0;10;0
Kartoffelsuppe;Kartoffelsuppe;10000;4100;100;130;610;0;30;0
Käsekuchen;Käsekuchen;10000;32600;600;2100;2800;2600;40;0
Käsespätzle;Käsespätzle;10000;19400;800;800;2200;70;90;0
Kasseler;Kasseler;10000;12700;2500;300;0;0;0;0
Katenschinken;Katenschinken;10000;20000;2200;1200;100;100;0;0
Kaugummi;Kaugummi;10000;37600;0;0;9400;9400;0;0
Kaviar;Kaviar;10000;25900;2700;1500;400;0;0;0
Kefir;Kefir;10000;5900;340;350;350;350;0;0
Kekse;Keks;10000;32200;790;1200;4500;1600;140;0
Kerbel;Kerbel;10000;5100;380;60;610;0;310;0
Ketchup;Ketchup;10000;12200;100;70;2800;2250;0;0
Kichererbsen;Kichererbse roh;10000;35300;2000;700;4500;300;1480;0
Kichererbsenmehl;Kichererbsenmehl;10000;36200;2000;670;5000;200;1100;0
Kidneybohnen;Kidneybohne;10000;29500;2100;100;4000;20;2100;0
Kiwi;Kiwi;10000;4900;100;100;800;800;200;0
Klöße gekocht;Klöße gekocht;10000;11200;200;0;2610;0;0;0
Knoblauch;Knoblauch;10000;13600;580;20;2700;800;170;0
Knuspermüsli;Knuspermüsli;10000;44200;1000;1500;6300;2400;730;0
Kochschinken;Kochschinken;10000;11100;2000;300;100;100;0;0
Köfte türkisch;Köfte türkisch;10000;18900;1520;1200;490;20;40;0
Kohlrabi;Kohlrabi;10000;3000;200;40;400;380;130;0
Kohlrübe;Kohlrübe;10000;3100;100;20;500;480;250;0
Kokosblütenzucker;Kokosblütenzucker;10000;38400;100;50;9400;9400;0;0
Kokosfett;Kokosfett;10000;90000;0;10000;0;0;0;0
Kokosmehl;Kokosmehl;10000;35400;1700;1650;1700;1500;3500;0
Kokosmilch;Kokosmilch;10000;22700;200;2100;600;330;300;0
Kokosnuss;Kokosnuss;10000;32300;400;2800;800;700;1140;0
Kokosöl;Kokosöl;10000;90000;0;10000;0;0;0;0
Kokosraspel;Kokosraspel;10000;64800;700;6000;1600;1400;800;0
Kokoswasser;Kokoswasser;10000;5900;50;100;1190;500;0;0
Kölsch;Kölsch;10000;4400;0;0;400;400;0;400
Konfitüre;Konfitüre;10000;22200;0;0;5500;5500;100;0
Konjacnudeln gekocht;Konjacnudeln gekocht;10000;600;0;0;0;0;300;0
Konjakmehl;Konjakmehl;10000;16800;200;0;0;0;8000;0
Kopfsalat;Kopfsalat;10000;1200;100;0;100;100;190;0
Koriander frisch;Koriander frisch;10000;2200;210;50;90;90;280;0
Koriander gemahlen;Koriander gemahlen;10000;39600;1200;2000;2600;2400;3200;0
Körnerbrötchen;Körnerbrötchen;10000;28900;800;700;4600;300;500;0
Kornspitz;Kornspitz;10000;20700;1000;160;3600;60;420;0
Krabben;Krabbe;10000;10600;2200;200;0;0;0;0
Krabbenchips;Krabbenchips;10000;48100;400;2500;6000;200;0;0
Krakauer Wurst;Krakauer Wurst;10000;27800;1300;2500;20;0;0;0
Kräuterbutter;Kräuterbutter;10000;70600;90;7800;0;0;0;0
Kräuterlikör (30%);Kräuterlikör (30%);10000;23000;0;0;1500;1500;0;2400
Kräuterquark, 40%;Kräuterquark, 40%;10000;16000;1000;1200;300;300;0;0
Kräutertee;Kräutertee;10000;0;0;0;0;0;0;0
Krautsalat;Krautsalat;10000;8300;100;300;1200;1100;200;0
Kresse;Kresse;10000;4000;260;80;500;380;120;0
Kreuzkümmel;Kreuzkümmel;10000;41800;1690;2210;3300;740;990;0
Kroketten;Krokette;10000;19800;550;790;2580;50;100;0
Kümmel;Kümmel;10000;38100;1900;1500;3700;0;1100;0
Kümmerling Kräuterlikör;Kümmerling Kräuterlikör;10000;23900;0;0;1000;1000;0;2800
Kumquat;Kumquat;10000;7300;120;40;1400;1300;410;0
Kürbis Hokkaido;Kürbis Hokkaido;10000;2800;80;0;520;420;200;0
Kürbiskerne;Kürbiskern;10000;65400;3200;5500;400;200;740;0
Kürbiskernbrötchen;Kürbiskernbrötchen;10000;27900;700;800;4290;170;370;0
Kürbiskernmehl;Kürbiskernmehl;10000;38700;5500;1300;500;100;1500;0
Kürbiskernöl;Kürbiskernöl;10000;90000;0;10000;0;0;0;0
Kurkuma;Kurkuma;10000;33800;800;1000;4400;200;2000;0
Kuvertüre Vollmilch;Kuvertüre Vollmilch;10000;53100;640;3300;5100;4800;240;0
Kuvertüre Zartbitter;Kuvertüre Zartbitter;10000;50900;580;3200;4500;4400;900;0
Lachs (Zucht);Lachs (Zucht);10000;18800;2000;1200;0;0;0;0
Lachsforelle;Lachsforelle;10000;15200;2000;800;0;0;0;0
Lachsschinken;Lachsschinken;10000;11200;1900;400;0;0;0;0
Lactit;Lactit;10000;20000;0;0;10000;0;0;0
Lahmacun;Lahmacun;10000;26100;800;1200;2900;400;240;0
Lakritze;Lakritz;10000;36100;380;40;8500;5500;100;0
Lammfilet;Lammfilet;10000;11800;2000;420;0;0;0;0
Lammfleisch;Lammfleisch;10000;19100;1400;1500;0;0;0;0
Lammkeule;Lammkeule;10000;24800;1700;2000;0;0;0;0
Lammkotelett;Lammkotelett;10000;25000;1300;2200;0;0;0;0
Lammrücken;Lammrücken;10000;20700;1800;1500;0;0;0;0
Landjäger;Landjäger;10000;39500;2000;3500;0;0;0;0
Langkornreis roh;Langkornreis roh;10000;27700;720;60;6080;210;0;0
Languste;Languste;10000;7800;1600;150;0;0;0;0
Lasagne;Lasagne;10000;17900;700;850;1800;270;140;0
Latte Macchiato;Latte Macchiato;10000;2900;250;100;250;250;0;0
Laugenstange;Laugenstange;10000;31600;810;500;5800;200;310;0
Leberkäse;Leberkäse;10000;29400;1400;2550;200;100;0;0
Leberknödel;Leberknödel;10000;8400;700;400;500;40;20;0
Leberwurst;Leberwurst;10000;33000;1500;3000;0;0;0;0
Lebkuchen;Lebkuchen;10000;38700;420;1400;6000;3800;200;0
Leinöl;Leinöl;10000;90000;0;10000;0;0;0;0
Leinsamen;Leinsamen;10000;42500;2240;2900;0;0;3740;0
Leinsamenbrot;Leinsamenbrot;10000;22100;690;380;3670;210;610;0
Leinsamenmehl teilentölt;Leinsamenmehl teilentölt;10000;33000;2800;1250;600;300;4080;0
Liebstöckel;Liebstöckel;10000;4200;300;100;500;0;30;0
Likör (20% Vol.);Likör (20% Vol.);10000;19400;0;0;2000;2000;0;1600
Limburger Käse;Limburger Käse;10000;25800;2400;1800;0;0;0;0
Limette;Limette;10000;4300;70;20;870;170;200;0
Limonade;Limonade;10000;4400;0;0;1100;1100;0;0
Limonade light;Limonade light;10000;300;0;0;70;0;0;0
Linsen roh;Linse roh;10000;30900;2400;190;4060;90;1690;0
Linsensuppe;Linsensuppe;10000;24200;1200;200;4000;220;790;0
Linzertorte;Linzertorte;10000;40100;700;1700;5500;2500;0;0
Litschi;Litschi;10000;7100;100;0;1600;1600;140;0
Löffelbisquit;Löffelbisquit;10000;32600;840;400;6400;1200;40;0
Lollo Rosso;Lollo Rosso;10000;2000;130;20;250;0;140;0
Lorbeer getrocknet;Lorbeer getrocknet;10000;34000;760;860;4540;0;2510;0
Löwenzahn;Löwenzahn;10000;6000;270;70;900;70;350;0
Lyoner;Lyoner;10000;24600;1450;2040;100;0;0;0
Maasdamer Käse;Maasdamer Käse;10000;34800;2400;2800;0;0;0;0
Macadamia;Macadamia Nuss;10000;69100;600;6900;600;500;1100;0
Mairübchen;Mairübchen;10000;3100;100;10;470;40;350;0
Mais;Mais;10000;8600;200;0;1800;400;300;0
Maiskolben ganz;Maiskolben ganz;10000;9500;350;110;1600;270;340;0
Maismehl;Maismehl;10000;33200;600;200;6800;100;920;0
Maisstärke;Maisstärke;10000;35400;40;0;8800;0;0;0
Majoran gerebelt;Majoran gerebelt;10000;33200;1200;1200;4200;200;400;0
Makrele;Makrele;10000;16700;1700;1100;0;0;0;0
Makronen;Makronen;10000;40300;380;1100;7200;7080;40;0
Maltit;Maltit;10000;21000;0;0;10000;0;0;0
Maltodextrin;Maltodextrin;10000;40000;0;0;10000;10000;0;0
Malzbier;Malzbier;10000;4600;60;0;1080;680;20;0
Mamorkuchen;Mamorkuchen;10000;44300;340;1200;7900;5800;290;0
Mandarine;Mandarine;10000;5100;100;40;1000;1000;160;0
Mandeln;Mandel;10000;61100;1800;5500;500;500;1200;0
Mandelmehl;Mandelmehl;10000;35000;4800;1000;600;600;2200;0
Mandelmilch gesüßt;Mandelmilch gesüßt;10000;2400;50;110;300;300;20;0
Mandelmilch ungesüßt;Mandelmilch ungesüßt;10000;1300;40;110;10;10;40;0
Mandelmus;Mandelmus;10000;64200;2300;5700;500;400;840;0
Mango;Mango;10000;6100;100;20;1300;1200;170;0
Mangold;Mangold;10000;2300;150;60;100;50;360;0
Maniok;Maniok;10000;15600;140;30;3600;200;200;0
Margarine;Margarine;10000;72000;0;8000;0;0;0;0
Marmelade;Marmelade;10000;31200;0;0;7800;7800;0;0
Marmorkuchen;Marmorkuchen;10000;44800;480;2590;4800;1910;200;0
Maronen;Marone;10000;21300;200;100;4500;1500;810;0
Marzipan;Marzipan;10000;49100;700;2500;5800;5800;280;0
Mascarpone;Mascarpone;10000;38200;600;3800;400;400;0;0
Matjes;Matjes;10000;24400;1580;2010;0;0;0;0
Maulbeeren;Maulbeeren;10000;5300;140;40;1000;800;170;0
Maultaschen;Maultasche;10000;20200;1100;940;1790;60;110;0
Mayonnaise;Mayonnaise;10000;72000;0;8000;0;0;0;0
Meerrettich;Meerrettich;10000;6500;120;60;1200;800;330;0
Mehrkornbrot;Mehrkornbrot;10000;23800;650;200;4400;200;900;0
Mehrkornbrötchen;Mehrkornbrötchen;10000;27300;820;590;4370;330;600;0
Mettenden;Mettenden;10000;35100;1700;3100;100;100;0;0
Mie Nudeln;Mie Nudel roh;10000;34200;1100;100;7200;0;70;0
Miesmuscheln;Miesmuschel;10000;5600;1000;180;0;0;0;0
Milch 0,3%;Milch 0,3%;10000;3500;300;30;500;500;0;0
Milch 1,5%;Milch 1,5%;10000;4600;300;150;500;500;0;0
Milch 3,5%;Milch 3,5%;10000;6400;300;350;500;500;0;0
Milchbrötchen;Milchbrötchen;10000;22500;40;480;4500;210;0;0
Milchkaffee;Milchkaffee;10000;600;40;40;20;20;0;0
Milchpulver;Milchpulver;10000;49500;2600;2700;3700;3700;0;0
Milchreis gekocht;Milchreis gekocht;10000;9400;330;40;1940;100;0;0
Milchschnitte;Milchschnitte;10000;42300;800;2800;3400;2900;140;0
Milchzucker;Milchzucker;10000;40000;0;0;10000;10000;0;0
Mineralwasser;Mineralwasser;10000;0;0;0;0;0;0;0
Mischbrot;Mischbrot;10000;23300;650;100;4700;70;510;0
Mischgemüse;Mischgemüse;10000;6200;320;40;1070;130;140;0
Mohn;Mohn;10000;48700;1900;3940;300;0;2230;0
Mohnbrötchen;Mohnbrötchen;10000;28000;1000;400;4900;100;380;0
Möhren / Karotten;Möhre / Karotte;10000;3100;90;10;470;460;400;0
Molke;Molke;10000;2600;150;30;440;440;0;0
Morcheln;Morchel;10000;2100;200;0;0;0;640;0
Moringa Pulver;Moringa Pulver;10000;37200;2800;620;3900;400;2400;0
Mortadella;Mortadella;10000;25000;1300;2200;0;0;0;0
Mozzarella Käse;Mozzarella Käse;10000;25400;1400;2200;0;0;0;0
Multivitaminsaft;Multivitaminsaft;10000;5100;30;10;1200;1170;50;0
Mungobohnen;Mungobohne;10000;32700;2400;120;4700;700;1600;0
Mürbeteig;Mürbeteig;10000;43700;570;2590;4500;2200;40;0
Muskat gemahlen;Muskat gemahlen;10000;52600;570;3500;4500;0;410;0
Müsli;Müsli;10000;36500;800;1100;5600;300;490;0
Müsliriegel;Müsliriegel;10000;40600;600;2200;4400;3000;400;0
Nachos mit Käse;Nachos mit Käse;10000;31500;800;1700;3200;140;80;0
Nackensteak Schwein;Nackensteak Schwein;10000;19300;1950;1280;0;0;0;0
Natron;Natron;10000;0;0;0;0;0;0;0
Nektarine;Nektarine;10000;6100;100;40;1200;1200;250;0
Nelken getrocknet;Nelken getrocknet;10000;43500;580;2120;5010;300;1010;0
Nougat;Nougat;10000;48500;700;2100;6500;6500;400;0
Nudeln gekocht;Nudeln gekocht;10000;14400;400;100;2870;30;200;0
Nudeln, Eierteigware roh;Nudeln, Eierteigware roh;10000;37500;1200;370;7200;40;300;0
Nudeln, Hartweizengrieß roh;Nudeln, Hartweizengrieß roh;10000;34000;1100;140;6900;40;380;0
Nudeln, Vollkorn roh;Nudeln, Vollkorn roh;10000;34300;1300;280;6000;100;1300;0
Nudelsalat mit Mayonnaise;Nudelsalat mit Mayonnaise;10000;19200;580;1580;640;80;40;0
Nuss Nougat Creme;Nuss Nougat Creme;10000;54800;300;3300;5800;5800;350;0
Nussschokolade;Nussschokolade;10000;53300;800;3300;4900;4900;410;0
Nutella;Nutella;10000;53600;670;3050;5700;5500;350;0
Obst, getrocknet;Obst, getrocknet;10000;28000;0;0;7000;6800;0;0
Obstbrand/Obstler (45%);Obstbrand/Obstler (45%);10000;25600;0;0;0;0;0;3600
Obstsalat;Obstsalat;10000;4600;40;20;1000;900;130;0
Ofenkäse;Ofenkäse;10000;35200;1500;3200;100;100;0;0
Oliven, grün;Olive, grün;10000;13700;100;1300;300;0;190;0
Oliven, schwarz;Olive, schwarz;10000;34000;200;3400;490;150;300;0
Olivenöl;Olivenöl;10000;90000;0;10000;0;0;0;0
Omelett;Omelett;10000;15400;1100;1200;60;30;0;0
Orange;Orange;10000;5000;100;40;1000;1000;140;0
Orangensaft;Orangensaft;10000;4000;0;0;1000;1000;0;0
Oregano getrocknet;Oregano getrocknet;10000;26200;910;400;2700;390;4100;0
Ouzo (38% Vol.);Ouzo (38% Vol.);10000;17800;0;0;0;0;0;2500
Pak Choi;Pak Choi;10000;1500;160;20;120;120;110;0
Pangasius;Pangasius;10000;7300;1600;100;0;0;0;0
Paniermehl;Paniermehl;10000;25100;500;190;5200;200;300;0
Panko;Panko;10000;36000;1100;520;6500;200;440;0
Papaya;Papaya;10000;3900;100;0;800;800;140;0
Paprika, gelb;Paprika, gelb;10000;3600;100;50;500;500;360;0
Paprika, grün;Paprika, grün;10000;2000;100;20;280;280;140;0
Paprika, rot;Paprika, rot;10000;3300;100;20;620;620;140;0
Paprikapulver edelsüß;Paprikapulver edelsüß;10000;35000;1300;1300;3500;500;2040;0
Paprikapulver Rosenscharf;Paprikapulver Rosenscharf;10000;35500;1300;1300;3600;300;2100;0
Paranüsse;Paranuss;10000;67400;1300;6600;420;300;540;0
Parmaschinken fettarm;Parmaschinken fettarm;10000;12300;2600;210;0;0;0;0
Parmesan Käse;Parmesan Käse;10000;39000;3000;3000;0;0;0;0
Passionsfrucht;Passionsfrucht;10000;7200;200;50;1400;1300;190;0
Pastinaken;Pastinake;10000;6600;130;40;1200;180;470;0
Pecorino;Pecorino;10000;41800;2800;3400;0;0;0;0
Pekanüsse;Pekanuss;10000;73900;800;7400;500;220;1030;0
Peperoni;Peperoni;10000;4300;200;20;750;500;150;0
Petersilienwurzel;Petersilienwurzel;10000;5000;300;80;550;440;450;0
Pfeffer;Pfeffer;10000;36200;1000;350;6000;100;2500;0
Pfefferbeißer;Pfefferbeißer;10000;37900;1600;3500;0;0;0;0
Pfefferminze;Pfefferminze;10000;9800;360;90;1500;0;800;0
Pfefferminztee;Pfefferminztee;10000;0;0;0;0;0;0;0
Pferdefleisch;Pferdefleisch;10000;10300;1900;300;0;0;0;0
Pfifferlinge;Pfifferling;10000;1800;200;40;0;0;300;0
Pfirsich;Pfirsich;10000;4800;100;40;900;900;240;0
Pflanzenöl;Pflanzenöl;10000;90000;0;10000;0;0;0;0
Pflaumen;Pflaume;10000;5700;100;20;1200;1100;140;0
Pflaumen, getrocknet;Pflaumen, getrocknet;10000;25800;300;100;5500;4600;850;0
Pflaumenmus;Pflaumenmus;10000;20700;70;0;5000;5000;200;0
Pilsner Bier;Pilsner Bier;10000;4000;40;0;280;20;10;380
Pinienkerne;Pinienkern;10000;57000;2300;4900;600;100;650;0
Pistazien;Pistazie;10000;61500;1500;5500;1000;220;1000;0
Pita;Pita;10000;23300;700;100;4700;200;400;0
Pizza;Pizza;10000;26500;1000;1100;3000;460;300;0
Pizzateig;Pizzateig;10000;19900;580;120;4100;100;70;0
Polenta;Polenta;10000;33600;840;100;7100;80;480;0
Pomelo;Pomelo;10000;4800;100;0;1000;800;200;0
Pommes;Pommes;10000;30600;300;1500;3800;30;340;0
Popcorn;Popcorn;10000;35600;1000;400;6600;600;800;0
Porree / Lauch;Porree / Lauch;10000;2600;190;20;300;300;220;0
Porridge;Porridge;10000;7400;250;140;1200;80;190;0
Preiselbeeren;Preiselbeere;10000;2500;0;0;500;500;240;0
Prosecco;Prosecco;10000;7200;0;0;200;200;0;900
Puddingpulver Vanille;Puddingpulver Vanille;10000;34300;40;20;8500;10;0;0
Puderzucker;Puderzucker;10000;40000;0;0;10000;10000;0;0
Pumpernickel;Pumpernickel;10000;17000;600;40;3000;400;1100;0
Putenbrust;Putenbrust;10000;9700;2200;100;0;0;0;0
Putenfleisch;Putenfleisch;10000;13300;2200;500;0;0;0;0
Putenhackfleisch;Putenhackfleisch;10000;11900;2300;300;0;0;0;0
Putenleber;Putenleber;10000;13400;2000;600;0;0;0;0
Putensalami;Putensalami;10000;28600;2200;2200;0;0;0;0
Putenschnitzel;Putenschnitzel;10000;9700;2200;100;0;0;0;0
Putensteak;Putensteak;10000;9700;2200;100;0;0;0;0
Quark, 20%;Quark, 20%;10000;10800;1240;510;300;300;0;0
Quark, 40%;Quark, 40%;10000;17600;1300;1200;400;400;0;0
Quark, Magerquark 0,5%;Quark, Magerquark 0,5%;10000;7200;1400;0;400;400;0;0
Quinoa;Quinoa;10000;35500;1470;400;6200;100;590;0
Quitte;Quitte;10000;5000;30;40;900;900;440;0
Radicchio;Radicchio;10000;1500;100;0;210;200;140;0
Radieschen;Radieschen;10000;1600;100;0;200;200;200;0
Radler;Radler;10000;3600;0;0;500;400;100;200
Ramazotti Kräuterlikör;Ramazotti Kräuterlikör;10000;28200;0;0;2500;2500;0;2560
Rapsöl;Rapsöl;10000;90000;0;10000;0;0;0;0
Ratatouille;Ratatouille;10000;2800;100;100;300;250;170;0
Räucherlachs;Räucherlachs;10000;14600;2070;700;0;0;0;0
Räuchertofu;Räuchertofu;10000;16200;1800;900;100;70;260;0
Red Bull;Red Bull;10000;4500;0;0;1130;1090;0;0
Red Bull sugarfree;Red Bull sugarfree;10000;0;0;0;0;0;0;0
Rehkeule;Rehkeule;10000;8900;2000;100;0;0;0;0
Rehrücken;Rehrücken;10000;12500;2000;500;0;0;0;0
Reis gekocht parboiled;Reis gekocht parboiled;10000;17000;350;40;3800;0;40;0
Reis roh parboiled;Reis roh parboiled;10000;31100;300;10;7400;100;120;0
Reismehl;Reismehl;10000;35400;650;100;7910;0;140;0
Reismilch ungesüßt;Reismilch ungesüßt;10000;2000;10;80;300;0;0;0
Reisnudeln roh;Reisnudeln roh;10000;10700;90;20;2500;0;100;0
Reiswaffel;Reiswaffel;10000;39400;700;200;8500;0;400;0
Remoulade;Remoulade;10000;54000;0;6000;0;0;0;0
Rettich;Rettich;10000;1900;80;20;220;220;260;0
Rhabarber;Rhabarber;10000;1700;110;30;100;100;300;0
Ricotta;Ricotta;10000;19200;1100;1600;100;100;0;0
Rinderbraten;Rinderbraten;10000;12500;2000;500;0;0;0;0
Rinderbrühe;Rinderbrühe;10000;3500;300;100;300;170;100;0
Rinderfilet;Rinderfilet;10000;10700;2000;300;0;0;0;0
Rindergulasch;Rindergulasch;10000;11600;2000;400;0;0;0;0
Rinderhackfleisch;Rinderhackfleisch;10000;18800;2000;1200;0;0;0;0
Rinderhüfte;Rinderhüfte;10000;11100;2100;300;0;0;0;0
Rinderleber;Rinderleber;10000;12500;2000;500;0;0;0;0
Rinderroulade;Rinderroulade;10000;13300;1140;550;940;210;0;0
Rindersteak;Rindersteak;10000;15700;2800;500;0;0;0;0
Rindertalg;Rindertalg;10000;90000;0;10000;0;0;0;0
Rindertatar;Rindertatar;10000;10700;2000;300;0;0;0;0
Rinderzunge;Rinderzunge;10000;14600;1400;1000;0;0;0;0
Rindswurst;Rindswurst;10000;26100;1800;2100;0;0;0;0
Rippchen;Rippchen;10000;11800;1500;650;0;0;0;0
Risotto;Risotto;10000;12100;350;450;1640;70;40;0
Roastbeef;Roastbeef;10000;10700;2000;300;0;0;0;0
Roggenbrot;Roggenbrot;10000;22800;600;100;4600;200;540;0
Roggenbrötchen;Roggenbrötchen;10000;31600;1220;410;5520;300;490;0
Roggenknäckebrot;Roggenknäckebrot;10000;32800;840;40;6600;200;1360;0
Roggenmehl;Roggenmehl;10000;32400;700;130;6800;660;600;0
Roggenmischbrot;Roggenmischbrot;10000;24100;630;140;4800;440;540;0
Roggenvollkornbrot;Roggenvollkornbrot;10000;19900;600;100;3600;300;1100;0
Roggenvollkornmehl;Roggenvollkornmehl;10000;34800;1020;200;6500;600;1480;0
Rohrzucker;Rohrzucker;10000;40000;0;0;10000;10000;0;0
Rollmops;Rollmops;10000;16100;1440;1100;100;100;0;0
Romadur Käse;Romadur Käse;10000;29000;2300;2200;0;0;0;0
Romanasalat;Romanasalat;10000;2200;120;0;330;110;220;0
Romanesco;Romanesco;10000;4100;300;30;500;300;320;0
Roquefort Käse;Roquefort Käse;10000;35000;2000;3000;0;0;0;0
Rosenkohl;Rosenkohl;10000;4300;340;40;440;340;400;0
Roséwein;Roséwein;10000;7300;0;0;300;300;0;860
Rosinen;Rosine;10000;32200;100;100;7500;7500;440;0
Rosinenbrötchen;Rosinenbrötchen;10000;24300;700;100;4900;700;480;0
Rosmarin;Rosmarin;10000;11500;330;600;500;0;1400;0
Kartoffelrösti;Rösti;10000;14400;310;600;1910;140;70;0
Röstzwiebeln;Röstzwiebel;10000;55800;600;4200;3900;500;0;0
Rotbarsch;Rotbarsch;10000;12000;2000;440;0;0;0;0
Rote Bete;Rote Bete;10000;4900;190;20;880;790;240;0
Rote Johannisbeeren;Rote Johannisbeere;10000;3600;100;50;540;500;270;0
rote Linsen roh;rote Linse roh;10000;33500;2540;180;4700;100;1440;0
Rote Zwiebeln;Rote Zwiebel;10000;2500;120;20;470;470;0;0
Blaukraut;Rotkohl;10000;3200;180;40;400;300;240;0
Rotwein;Rotwein;10000;8100;0;0;300;300;0;970
Rübensaft;Rübensaft;10000;28200;0;0;6900;6900;300;0
Rucola;Rucola;10000;2800;170;120;190;190;160;0
Rührei;Rührei;10000;17800;1200;1400;100;100;0;0
Rührkuchenteig;Rührteig;10000;41600;640;1790;5700;1500;40;0
Rum (37% Vol.);Rum (37% Vol.);10000;21000;0;0;0;0;0;2960
Rum (65% Vol.);Rum (65% Vol.);10000;36900;0;0;0;0;0;5200
Rumkugel;Rumkugel;10000;37600;140;1040;6880;2200;100;0
Rumpsteak;Rumpsteak;10000;20100;3000;900;0;0;0;0
Sahne 10%;Sahne 10%;10000;11200;250;1000;300;300;0;0
Sahne 20%;Sahne 20%;10000;20200;250;2000;300;300;0;0
Sahne 30%;Sahne 30%;10000;29200;250;3000;300;300;0;0
Sahneies;Sahneies;10000;18600;200;1000;2200;2200;0;0
Sahnetorte;Sahnetorte;10000;27900;400;1850;2400;840;40;0
Saibling;Saibling;10000;9300;1880;200;0;0;0;0
Salami;Salami;10000;33200;2000;2800;0;0;0;0
Salamipizza;Salamipizza;10000;30000;1200;1400;3000;460;300;0
Salbei getrocknet;Salbei getrocknet;10000;36000;1000;1200;4340;100;1910;0
Salz;Salz;10000;0;0;0;0;0;0;0
Salzstangen;Salzstange;10000;36800;1070;500;7000;350;20;0
Sanddorn;Sanddorn;10000;9200;140;670;510;470;270;0
Sandkuchen;Sandkuchen;10000;44500;600;2800;4200;1600;70;0
Sardinen;Sardine;10000;19600;2200;1200;0;0;0;0
Sauce Bolognese;Sauce Bolognese;10000;12500;690;810;600;400;20;0
Sauce Hollandaise;Sauce Hollandaise;10000;50100;280;5400;90;90;0;0
Sauerkirschsaft;Sauerkirschsaft;10000;4800;0;0;1200;1200;0;0
Sauerkraut;Sauerkraut;10000;1500;200;0;80;80;170;0
Sauerrahm;Saure Sahne;10000;11400;200;1000;400;300;0;0
Schafskäse;Schafskäse;10000;30500;2000;2500;0;0;0;0
Schalotten;Schalotte;10000;1800;200;0;200;200;100;0
Sauerkirschen;Schattenmorellen;10000;4000;80;0;900;800;40;0
Schellfisch;Schellfisch;10000;9100;2000;120;0;0;0;0
Schinken roh geräuchert;Schinken roh geräuchert;10000;11200;1900;400;0;0;0;0
Schinkenspeck;Schinkenspeck;10000;33200;2900;2400;0;0;0;0
Schinkenwurst;Schinkenwurst;10000;24600;1200;2200;0;0;0;0
Schlagsahne;Schlagsahne;10000;28600;200;3000;200;200;0;0
Schmand;Schmand;10000;29400;200;3000;400;400;0;0
Schmelzkäse;Schmelzkäse;10000;27500;1200;2300;500;500;0;0
Schnittlauch;Schnittlauch;10000;3200;330;70;190;190;240;0
Schokokuss;Schokokuss;10000;36800;500;1400;5500;5200;100;0
Schokoladeneis;Schokoladeneis;10000;17400;300;800;2200;2200;100;0
Schokoladenpudding gekocht;Schokoladenpudding gekocht;10000;11300;330;250;1900;1000;70;0
Schokomüsli;Schokomüsli;10000;41200;1000;1200;6200;2300;800;0
Schokoriegel;Schokoriegel;10000;49800;900;2400;6000;4700;300;0
Scholle;Scholle;10000;7300;1600;100;0;0;0;0
Schupfnudeln;Schupfnudeln;10000;15400;300;140;3120;220;210;0
Schwarzbrot;Schwarzbrot;10000;23100;1000;240;3920;380;640;0
Schwarze Bohnen;Schwarze Bohne;10000;31600;2540;70;4400;100;1600;0
Schwarze Johannisbeeren;Schwarze Johannisbeere;10000;4000;130;20;630;440;380;0
Schwarzer Johannisbeersaft;Schwarzer Johannisbeersaft;10000;1300;10;10;300;300;0;0
Schwarzwurzel;Schwarzwurzel;10000;2300;120;30;180;80;410;0
Schweinebauch;Schweinebauch;10000;40000;1900;3600;0;0;0;0
Schweinebraten;Schweinebraten;10000;11100;2100;300;0;0;0;0
Schweinefilet;Schweinefilet;10000;11600;2000;400;0;0;0;0
Schweinegulasch;Schweinegulasch;10000;11100;2100;300;0;0;0;0
Schweinehackfleisch;Schweinehackfleisch;10000;30500;2000;2500;0;0;0;0
Schweinehaxe;Schweinehaxe;10000;25000;2200;1800;0;0;0;0
Schweinekotelett;Schweinekotelett;10000;11100;2100;300;0;0;0;0
Schweineleber;Schweineleber;10000;12500;2000;500;0;0;0;0
Schweinerücken;Schweinerücken;10000;6300;1100;210;0;0;0;0
Schweineschmalz;Schweineschmalz;10000;90000;0;10000;0;0;0;0
Schweineschnitzel paniert und gebraten;Schweineschnitzel paniert und gebraten;10000;20900;2000;930;1100;20;80;0
Schweineschnitzel, roh;Schweineschnitzel, roh;10000;11100;2100;300;0;0;0;0
Schweineschulter;Schweineschulter;10000;15300;1800;900;0;0;0;0
Schweinezunge;Schweinezunge;10000;11100;2100;300;0;0;0;0
Schwertfisch;Schwertfisch;10000;16400;2300;800;0;0;0;0
Seehecht;Seehecht;10000;9300;1700;280;0;0;0;0
Seelachs;Seelachs;10000;7900;1800;80;0;0;0;0
Seeteufel;Seeteufel;10000;6900;1500;100;0;0;0;0
Seezunge;Seezunge;10000;7700;1700;100;0;0;0;0
Seitan;Seitan;10000;36800;7500;200;1200;0;100;0
Sekt, halbtrocken;Sekt, halbtrocken;10000;8700;0;0;400;400;0;1000
Sekt, trocken;Sekt, trocken;10000;7900;0;0;200;200;0;1000
Knollensellerie;Sellerie;10000;2600;150;30;240;200;400;0
Semmelknödel;Semmelknödel;10000;28400;1200;540;4560;140;230;0
Senf;Senf;10000;7600;430;300;600;100;400;0
Serrano Schinken;Serrano Schinken;10000;20300;3000;900;40;0;0;0
Sesam;Sesam;10000;55900;1500;4900;900;100;1090;0
Sesammehl;Sesammehl;10000;34400;2900;1400;1700;200;1700;0
Sesamöl;Sesamöl;10000;90000;0;10000;0;0;0;0
Shiitake Pilze frisch;Shiitake Pilze frisch;10000;9400;320;20;1940;40;100;0
Skyr 0.2%;Skyr 0.2%;10000;6200;1100;20;400;400;0;0
Softeis;Softeis;10000;10600;200;200;2000;2000;0;0
Sojabohne;Sojabohne;10000;17000;1550;710;1010;200;190;0
Sojaflocken;Sojaflocken;10000;34000;3700;2000;300;0;0;0
Sojajoghurt;Sojajoghurt;10000;8800;240;110;1700;1200;50;0
Sojamehl;Sojamehl;10000;34800;5000;300;2240;500;1550;0
Sojamilch;Sojamilch;10000;5500;330;190;600;400;50;0
Sojasauce;Sojasauce;10000;5700;800;50;490;80;40;0
Sojasprossen;Sojasprossen;10000;5500;500;110;490;210;250;0
Sonnenblumenbrot;Sonnenblumenbrot;10000;21600;600;510;3250;210;790;0
Sonnenblumenkerne;Sonnenblumenkern;10000;55700;1900;4700;1140;290;600;0
Sonnenblumenöl;Sonnenblumenöl;10000;90000;0;10000;0;0;0;0
Sorbit;Sorbit;10000;26000;0;0;10000;0;0;0
Spaghetti Bolognese;Spaghetti Bolognese;10000;17100;900;540;2100;140;110;0
Spaghetti gekocht;Spaghetti gekocht;10000;15700;600;100;3000;50;180;0
Spaghetti roh;Spaghetti roh;10000;17100;700;100;3300;100;100;0
Spare Ribs mariniert;Spare Ribs mariniert;10000;22100;1750;1590;200;100;0;0
Spargel;Spargel;10000;2000;190;20;200;200;120;0
Spätzle;Spätzle;10000;13800;380;180;2560;0;190;0
Speck;Speck;10000;78500;500;8500;0;0;0;0
Spezi Mezzo Mix;Spezi Mezzo Mix;10000;4000;0;0;1000;1000;0;0
Spiegelei;Spiegelei;10000;17800;1200;1400;100;100;0;0
Spinat;Spinat;10000;2700;200;80;200;200;170;0
Spinat mit Rahm;Spinat mit Rahm;10000;9000;200;700;400;400;170;0
Spitzkohl;Spitzkohl;10000;2600;170;30;280;270;260;0
Sprite;Sprite;10000;3600;0;0;910;910;0;0
Stachelbeeren;Stachelbeere;10000;4800;140;50;800;800;300;0
Stangensellerie;Stangensellerie;10000;1900;100;20;200;70;270;0
Staudensellerie;Staudensellerie;10000;1800;100;20;200;0;230;0
Steckrüben;Steckrübe;10000;3400;100;40;600;510;140;0
Steinpilze;Steinpilz;10000;3100;400;0;100;0;550;0
Stevia;Stevia;10000;0;0;0;0;0;0;0
Stollen;Stollen;10000;42100;400;2500;4400;2500;200;0
Stremellachs;Stremellachs;10000;20800;2500;1200;10;10;0;0
Stroh 80;Stroh 80;10000;45400;0;0;0;0;0;6400
Studentenfutter;Studentenfutter;10000;48500;1300;2680;4500;3800;590;0
Sülze Hausmacher Art;Sülze Hausmacher Art;10000;16700;1100;1300;140;130;0;0
Suppenfleisch Rind;Suppenfleisch Rind;10000;16200;1800;1000;0;0;0;0
Suppenhuhn;Suppenhuhn;10000;24000;1500;2000;0;0;0;0
Surimi;Surimi;10000;9600;1500;90;700;0;0;0
Sushi;Sushi;10000;12600;650;70;2350;0;0;0
Süßkartoffeln;Süßkartoffel;10000;12700;160;120;2630;600;210;0
Süßkirschen;Süßkirsche;10000;6500;100;20;1400;1340;140;0
Süßlupinenmehl;Süßlupinenmehl;10000;32400;4300;1200;1000;200;200;0
Süßstoff;Süßstoff;10000;0;0;0;0;0;0;0
Tabasco;Tabasco;10000;6900;240;350;700;300;0;0
Tafelspitz mager roh;Tafelspitz mager roh;10000;10200;2000;200;100;100;0;0
Tahina Sesampaste;Tahina Sesampaste;10000;65600;1700;5400;2100;50;900;0
Tamarillo;Tamarillo;10000;6000;150;120;1000;800;150;0
Tamarinde;Tamarinde;10000;27200;200;50;6500;5700;0;0
Tee schwarz;Tee schwarz;10000;0;0;0;0;0;0;0
Teewurst;Teewurst;10000;48900;1200;4900;0;0;0;0
Thunfisch;Thunfisch;10000;11400;2400;200;0;0;0;0
Tilsiter Käse;Tilsiter Käse;10000;32600;2200;2600;100;100;0;0
Tintenfisch;Tintenfisch;10000;6900;1500;100;0;0;0;0
Tiramisu;Tiramisu;10000;24800;540;1170;3040;1800;0;0
Toastbrot;Toastbrot;10000;24800;700;160;4940;300;400;0
Tofu;Tofu;10000;7600;800;400;200;0;20;0
Tomate;Tomate;10000;2400;100;30;400;340;40;0
Tomaten, getrocknet;Tomaten, getrocknet;10000;16300;590;540;1590;600;1350;0
Tomaten, passiert;Tomaten, passiert;10000;2600;100;10;400;400;240;0
Tomatenmark;Tomatenmark;10000;4100;160;20;700;600;240;0
Tomatensaft;Tomatensaft;10000;2000;80;10;380;360;40;0
Tomatensauce;Tomatensauce;10000;4000;120;40;710;400;160;0
Tomatensuppe;Tomatensuppe;10000;3400;70;30;700;350;50;0
Tonic Water;Tonic Water;10000;3600;0;0;900;900;0;0
Topinambur;Topinambur;10000;7900;200;0;1700;1000;160;0
Tortellini;Tortellini;10000;30500;1400;720;4500;100;200;0
Tortenguss;Tortenguss;10000;31100;20;20;7700;0;0;0
Tortilla;Tortilla;10000;22600;700;100;4600;0;240;0
Traubenkernöl;Traubenkernöl;10000;90000;0;10000;0;0;0;0
Traubensaft;Traubensaft;10000;6800;0;0;1700;1700;0;0
Traubenzucker;Traubenzucker;10000;40000;0;0;10000;10000;0;0
Trinkschokolade;Trinkschokolade;10000;10000;250;350;1470;1340;0;0
Trinkwasser;Trinkwasser;10000;0;0;0;0;0;0;0
Trockenhefe;Trockenhefe;10000;31300;3500;100;3100;0;2000;0
Trüffel;Trüffel;10000;6800;800;50;800;100;0;0
Tzatziki;Tzatziki;10000;10100;350;700;600;100;0;0
Vanillepudding gekocht;Vanillepudding gekocht;10000;10600;300;150;2000;1400;0;0
Vanilleschote;Vanilleschote;10000;5300;10;10;1300;1300;0;0
Vanillezucker;Vanillezucker;10000;40000;0;0;10000;10000;0;0
Vollkornbrot;Vollkornbrot;10000;20800;700;240;3600;200;700;0
Vollkornbrötchen;Vollkornbrötchen;10000;24600;700;300;4400;200;730;0
Vollkornhaferflocken;Vollkornhaferflocken;10000;36000;1380;680;5500;100;1170;0
Vollkornknäckebrot;Vollkornknäckebrot;10000;34100;900;160;6500;170;1510;0
Vollkornreis roh;Vollkornreis roh;10000;32400;300;200;7200;200;300;0
Vollkorntoastbrot;Vollkorntoastbrot;10000;22100;700;340;3600;300;900;0
Vollmilchschokolade;Vollmilchschokolade;10000;53400;800;3200;5300;5300;100;0
Wacholderbeeren;Wacholderbeere;10000;35300;1900;1340;3300;100;1200;0
Walnüsse;Walnuss;10000;67800;1030;6400;1240;500;540;0
Walnussmehl entölt;Walnussmehl entölt;10000;47800;3000;3000;1500;700;1400;0
Walnussöl;Walnussöl;10000;90000;0;10000;0;0;0;0
Wassereis;Wassereis;10000;10000;0;0;2500;2500;0;0
Wassermelone;Wassermelone;10000;2800;80;0;600;600;40;0
Weinbrand/Cognac (40%);Weinbrand/Cognac (40%);10000;22700;0;0;0;0;0;3200
Weingeist/Sprit (95%);Weingeist/Sprit (95%);10000;54000;0;0;0;0;0;7600
Weinsauerkraut;Weinsauerkraut;10000;2200;150;50;190;170;200;0
Weinschorle;Weinschorle;10000;4500;0;0;200;200;0;520
Weintrauben;Weintraube;10000;7100;100;100;1400;1400;100;0
Weißbier Weizenbier;Weißbier Weizenbier;10000;4700;0;0;500;300;0;380
Weißbrot;Weißbrot;10000;25100;500;190;5200;200;300;0
Weiße Bohnen roh;Weiße Bohne roh;10000;9600;550;30;1600;400;350;0
Weiße Schokolade;Weiße Schokolade;10000;54600;400;3000;6500;6500;0;0
Weißkohl;Weißkohl;10000;3000;100;0;500;500;300;0
Weißwein;Weißwein;10000;8800;0;0;400;400;0;1020
Weißweinessig;Weißweinessig;10000;500;20;0;100;10;0;0
Weißweinschorle;Weißweinschorle;10000;4400;0;0;200;200;0;510
Weißwurst;Weißwurst;10000;26500;1000;2500;0;0;0;0
Weizenbier alkoholfrei;Weizenbier alkoholfrei;10000;2400;40;10;530;360;0;0
Weizengras Pulver;Weizengras Pulver;10000;17100;1470;140;230;0;4500;0
Weizengrieß;Weizengrieß;10000;32200;900;100;6600;80;640;0
Weizenkeimöl;Weizenkeimöl;10000;90000;0;10000;0;0;0;0
Weizenkleie;Weizenkleie;10000;25600;1830;400;1200;200;4940;0
Weizenknäckebrot;Weizenknäckebrot;10000;36700;1100;170;7400;300;580;0
Weizenkorn;Weizenkorn;10000;21600;0;0;0;0;0;3040
Weizenmehl 405;Weizenmehl 405;10000;34300;1080;100;7090;100;350;0
Weizenstärke;Weizenstärke;10000;36600;80;100;8800;0;80;0
Weizenvollkornmehl;Weizenvollkornmehl;10000;32200;880;160;6340;70;950;0
Welsfilet;Welsfilet;10000;18300;1870;1200;0;0;0;0
Weltmeisterbrot;Weltmeisterbrot;10000;23200;800;500;3600;300;550;0
Whey Protein natur;Whey Protein natur;10000;36400;8500;270;0;0;0;0
Whisky (40% Vol.);Whisky (40% Vol.);10000;22700;0;0;0;0;0;3200
Wiener Schnitzel gebr.;Wiener Schnitzel gebr.;10000;23300;2000;1100;1300;0;120;0
Wiener Würstchen;Wiener Würstchen;10000;24300;1110;2200;20;0;0;0
Wildente;Wildente;10000;12200;1100;870;0;0;0;0
Wildlachs;Wildlachs;10000;9900;1800;300;0;0;0;0
Wildreis gekocht;Wildreis gekocht;10000;13800;540;50;2700;60;210;0
Wildreis gemischt roh;Wildreis gemischt roh;10000;37000;900;200;7700;0;400;0
Wildreis roh;Wildreis roh;10000;36900;1400;100;7300;200;600;0
Wildschwein;Wildschwein;10000;14700;2100;700;0;0;0;0
Windbeutel;Windbeutel;10000;29400;500;1840;2700;420;40;0
Wirsing;Wirsing;10000;2300;200;10;200;200;300;0
Wodka (40% Vol.);Wodka (40% Vol.);10000;22700;0;0;0;0;0;3200
Wurstsalat;Wurstsalat;10000;29800;260;3040;340;80;0;0
Xylit;Xylit;10000;24000;0;0;10000;0;0;0
Zander;Zander;10000;8900;2000;100;0;0;0;0
Zartbitterschokolade 50%;Zartbitterschokolade 50%;10000;49800;700;3000;4500;4500;1000;0
Zartbitterschokolade 75%;Zartbitterschokolade 75%;10000;52300;850;4100;2800;2800;400;0
Zartbitterschokolade 85%;Zartbitterschokolade 85%;10000;57400;1000;5000;1900;1300;400;0
Zartbitterschokolade 90%;Zartbitterschokolade 90%;10000;60100;1000;5500;1400;700;500;0
Ziegenfrischkäse;Ziegenfrischkäse;10000;16400;900;1270;350;350;0;0
Ziegenkäse;Ziegenkäse;10000;32400;2240;2600;0;0;0;0
Zimt;Zimt;10000;25300;400;120;3000;220;5300;0
Zitrone;Zitrone;10000;3300;140;60;300;300;500;0
Zitronengras;Zitronengras;10000;11600;150;50;2530;300;190;0
Zitronensaft;Zitronensaft;10000;1300;30;20;240;170;40;0
Zucchini;Zucchini;10000;2200;300;0;200;200;100;0
Zucker;Zucker;10000;40000;0;0;10000;10000;0;0
Zuckerrübensirup;Zuckerrübensirup;10000;32900;100;10;8100;7900;0;0
Zuckerschoten;Zuckerschoten;10000;6300;400;100;900;800;100;0
Zwieback;Zwieback;10000;42300;1000;1000;7200;1200;240;0
Zwiebel;Zwiebel;10000;3300;100;0;600;400;230;0
Zwiebelkuchen;Zwiebelkuchen;10000;19900;690;1340;1200;100;140;0
Zwiebelmettwurst;Zwiebelmettwurst;10000;28500;1500;2500;0;0;0;0
